chroma_stft,spectral_centroid,spectral_bandwidth,rolloff,zero_crossing_rate,mfcc1,mfcc2,mfcc3,mfcc4,mfcc5,mfcc6,mfcc7,mfcc8,mfcc9,mfcc10,mfcc11,mfcc12,mfcc13,mfcc14,mfcc15,mfcc16,mfcc17,mfcc18,mfcc19,mfcc20,label
0.3366629183292389,1795.983981897636,2167.07377375026,3697.7026404980165,0.08459850582914087,-94.35619354248047,119.03549194335938,3.118788480758667,13.616177558898926,-18.35455322265625,-10.861651420593262,1.4591033458709717,8.889604568481445,2.411684274673462,10.087420463562012,1.4095230102539062,2.4514575004577637,5.340808868408203,5.795235633850098,-8.50410270690918,4.689482688903809,-7.291996955871582,-6.7228684425354,-6.710011005401611,6.474719524383545,Calm
0.28494760394096375,2240.3567400082793,2065.09270716868,4321.5738680340555,0.1200234616873065,-131.92498779296875,71.66168975830078,-32.89806365966797,33.00853729248047,1.2077395915985107,4.331282615661621,-10.12928295135498,-4.730531215667725,-7.996530532836914,2.999528646469116,-5.657225131988525,3.110797882080078,-1.6525572538375854,3.314750909805298,-0.6700019836425781,0.4684871435165405,-5.25370979309082,-8.238581657409668,-11.387212753295898,-6.4354567527771,Calm
0.25959494709968567,1183.3362919629953,1416.8495175835997,2210.144968889077,0.05680426724554954,-248.44650268554688,153.19606018066406,2.470369338989258,17.73004722595215,5.805793285369873,-5.42828893661499,-11.43077278137207,-6.935307502746582,-7.399298191070557,-5.096248149871826,-6.121644973754883,-2.6826422214508057,-5.190782070159912,-4.586108684539795,-5.979599475860596,4.165063381195068,5.5826616287231445,6.2018723487854,0.23453231155872345,-0.3862379491329193,Calm
0.41604989767074585,1924.7345844549236,2580.180775602593,4466.847989581318,0.059444462920859135,-206.85110473632812,84.52647399902344,52.33881759643555,36.94636917114258,21.617263793945312,26.518301010131836,6.846928596496582,6.8018999099731445,1.7593134641647339,8.02340030670166,-1.8232858180999756,-1.3772001266479492,-5.387463092803955,1.2213525772094727,-2.180755138397217,3.102691173553467,-2.851355791091919,7.868321895599365,3.159857988357544,-0.9465629458427429,Calm
0.38207170367240906,2353.5314099151037,2437.500048402378,4968.744954679035,0.10573329866486068,-108.44576263427734,83.70126342773438,1.0654997825622559,37.071189880371094,1.5534573793411255,9.001060485839844,2.9492969512939453,4.220092296600342,5.614907264709473,10.437912940979004,-1.3101145029067993,4.684770107269287,1.46407151222229,5.855601787567139,-3.851238965988159,1.3532840013504028,-7.296999931335449,-4.18762731552124,-8.36726188659668,-2.154184341430664,Calm
0.4111937880516052,2619.0458861932443,2417.782216085108,5215.643461717541,0.12834465097716719,-97.3595199584961,68.28466033935547,-10.489669799804688,27.241525650024414,-2.628411293029785,10.844968795776367,4.815013885498047,7.4667863845825195,1.7211802005767822,3.5201385021209717,-4.316182613372803,1.314448595046997,-2.4130983352661133,0.1645262986421585,-4.0188517570495605,1.3133867979049683,-4.047846794128418,1.70973801612854,-3.7490038871765137,-0.4034497141838074,Calm
0.36694177985191345,1900.666656394679,1944.0033061385545,3537.786940819708,0.10195781129063468,-323.1873474121094,78.37183380126953,-21.744441986083984,-17.48988914489746,-5.16315221786499,12.456277847290039,6.659501552581787,-0.19813552498817444,-11.482181549072266,-6.5136637687683105,5.275143623352051,5.383406639099121,-6.132783889770508,4.772619724273682,4.761728763580322,1.657880425453186,0.7749485373497009,-1.136928915977478,-5.128244876861572,-0.33716970682144165,Calm
0.4409780502319336,2261.7873962624544,2621.966321449378,5252.376572930776,0.06807895341524768,-131.04273986816406,73.37010192871094,33.7173957824707,37.792991638183594,5.380345344543457,16.4038028717041,6.118881702423096,10.826360702514648,4.408044815063477,7.838016033172607,0.0224209725856781,4.372604846954346,-1.6642869710922241,1.378121256828308,-0.9198378920555115,5.513601779937744,0.6596220135688782,2.971019983291626,-1.5763068199157715,2.0326826572418213,Calm
0.3920905888080597,2593.474698781177,2509.181884239132,5360.284253761126,0.12998938781927244,-210.0567626953125,77.39566802978516,-9.015792846679688,2.795335054397583,-8.169002532958984,-2.06750226020813,-5.084689617156982,1.8041530847549438,-7.038466930389404,-2.083796739578247,-7.438492298126221,-1.0006461143493652,-6.445137023925781,0.9141770005226135,-8.060770988464355,2.654609441757202,-6.295070648193359,-0.8499242067337036,-7.055227756500244,-3.4905171394348145,Calm
0.3954581022262573,2344.1047419236284,2524.825462254631,5084.694253549487,0.09769555437306501,-165.36624145507812,81.38780975341797,17.54184341430664,26.04486656188965,6.883574485778809,9.491929054260254,-2.335479736328125,5.385483741760254,-3.839804172515869,4.5860371589660645,-3.839972734451294,5.626462459564209,-0.9331086874008179,3.0729293823242188,-2.4007930755615234,1.1139482259750366,-2.3384838104248047,1.5509281158447266,-4.5059638023376465,-0.9135280847549438,Calm
0.398383766412735,2403.3313814376916,2471.827484506218,5141.485576806792,0.0918762395994582,-185.68495178222656,66.1300277709961,8.672871589660645,38.16349411010742,10.782365798950195,16.994173049926758,3.5853521823883057,10.856773376464844,-1.8914645910263062,5.442686557769775,-0.5013615489006042,5.217189788818359,-1.4652156829833984,-0.10249219834804535,-3.413642168045044,1.4715617895126343,-2.1789391040802,3.21701979637146,-0.4381049573421478,3.3926467895507812,Calm
0.43303412199020386,2632.155965073162,2652.3441798927606,5675.182349615422,0.10665166045859133,-213.47813415527344,59.27592086791992,16.365924835205078,29.534587860107422,15.185640335083008,20.38253402709961,5.534575939178467,8.89333438873291,0.9453005194664001,8.705888748168945,1.320728063583374,3.852538585662842,-3.237732172012329,0.7896544933319092,-1.6408498287200928,2.8813817501068115,-3.7272908687591553,2.4106216430664062,0.7827536463737488,3.780355930328369,Calm
0.4064916968345642,2288.1793588838154,2575.9630303633626,5187.476965369824,0.08278785918150154,-169.395263671875,74.93756103515625,27.39400291442871,37.76294708251953,16.14167022705078,11.948371887207031,6.199296474456787,6.87661075592041,-2.1273279190063477,6.861299514770508,-2.8230135440826416,1.2082281112670898,-6.2656965255737305,-2.7639575004577637,-0.8513638973236084,2.6377086639404297,-2.8236680030822754,3.4024181365966797,-2.5289947986602783,2.4987380504608154,Calm
0.3483843207359314,2244.4502637552578,2474.10457912262,4937.328477983504,0.08808601308533281,-156.96905517578125,82.41181182861328,20.97934341430664,30.089651107788086,5.591515064239502,3.6374285221099854,-7.285975456237793,6.613851070404053,-5.620957374572754,-0.7612882852554321,-9.17187786102295,0.9505391120910645,-4.074859619140625,-1.5126407146453857,-4.789433002471924,-1.2014505863189697,-8.599092483520508,-2.048438787460327,-6.085991382598877,0.07255903631448746,Calm
0.41543179750442505,2572.840822825355,2522.8587999511046,5383.534113172407,0.1129433835623065,-116.89200592041016,69.759521484375,5.180243015289307,30.698257446289062,1.9615142345428467,9.60230541229248,-1.2789374589920044,2.7331173419952393,-3.4639945030212402,4.419681549072266,-6.732226848602295,1.8761476278305054,-3.4027724266052246,-1.1887778043746948,-6.95122766494751,-1.5367377996444702,-8.32199478149414,-3.3081984519958496,-7.970191955566406,0.1914834827184677,Calm
0.4324939250946045,2982.6545691360047,2789.7811224290886,6231.203987428647,0.12188512843459752,-162.29580688476562,36.064109802246094,38.377708435058594,49.831825256347656,7.510674953460693,18.986360549926758,2.256401777267456,10.465538024902344,3.1725988388061523,8.599662780761719,0.8400363326072693,8.008997917175293,0.8399900197982788,6.162877559661865,-0.9706711769104004,3.077836751937866,-3.574965238571167,0.5070569515228271,-3.567840814590454,5.021594047546387,Calm
0.4531157314777374,2254.565546760728,2478.4597925146186,4900.6786995997,0.08418240857198142,-185.55577087402344,66.51895904541016,19.46866798400879,46.109134674072266,15.759750366210938,17.164308547973633,11.35605239868164,11.434103012084961,1.3754639625549316,8.439898490905762,-2.7808985710144043,4.267045497894287,-2.13794207572937,2.5073423385620117,2.8914644718170166,7.509827613830566,-2.352717876434326,1.6289691925048828,-3.8787453174591064,0.4909399747848511,Calm
0.40057942271232605,2791.016287759928,2688.041469202426,5916.880888097427,0.12457067530959752,-89.6272964477539,66.3176040649414,14.774297714233398,30.230680465698242,3.126072645187378,6.9332075119018555,-4.871793270111084,2.344306468963623,-1.7971062660217285,0.8499634861946106,-4.84163761138916,-1.2936266660690308,-7.919947624206543,-0.3422795832157135,-6.095677852630615,1.1881749629974365,-4.415260314941406,1.201092004776001,-3.890928030014038,1.5694677829742432,Calm
0.4003497362136841,2789.608794240301,2681.9790557283036,5906.4809509844235,0.12567459909539475,-86.89596557617188,66.34915924072266,14.402597427368164,30.244159698486328,2.9244043827056885,6.906801700592041,-4.853234767913818,2.428431987762451,-1.7957733869552612,0.9103854894638062,-4.83604621887207,-1.2794227600097656,-7.7742085456848145,-0.18070261180400848,-6.173037528991699,1.1658929586410522,-4.316003799438477,1.1372348070144653,-3.919454336166382,1.6012076139450073,Calm
0.4221338927745819,2931.0386404866326,2632.1981601536054,6003.547030705786,0.15281426869678794,-171.97915649414062,59.781490325927734,-0.47366833686828613,19.451990127563477,0.6774698495864868,6.666572570800781,-1.6294491291046143,6.673574924468994,-3.7421202659606934,5.216434001922607,-2.3335702419281006,4.621401309967041,-1.9007670879364014,2.518460988998413,-2.9229395389556885,1.6693708896636963,-4.544316291809082,1.2481334209442139,-5.703684329986572,-1.3629143238067627,Calm
0.418668657541275,2251.0100346284366,2483.9809173166273,4847.820685891544,0.08581656346749227,-164.6856689453125,76.97441864013672,19.90425682067871,31.305116653442383,5.814838886260986,10.226531982421875,4.889172554016113,4.781800746917725,1.6360753774642944,3.8195395469665527,-5.170671463012695,1.1116933822631836,-2.647822618484497,0.9680379033088684,-1.9496405124664307,1.5067670345306396,-4.752667427062988,-1.8126417398452759,-5.680286884307861,-0.0738103985786438,Calm
0.44030439853668213,2414.415704370637,2562.3257050491493,5351.784305159153,0.09078856666021672,-130.27720642089844,73.47740173339844,16.808256149291992,36.22154235839844,3.543295383453369,15.70773696899414,0.5195229649543762,8.217195510864258,-2.2732019424438477,6.942421913146973,0.3059197664260864,5.360874652862549,-1.6528632640838623,1.5642027854919434,-1.729742407798767,3.946406126022339,-1.46624755859375,1.876290202140808,-1.7009519338607788,3.2170493602752686,Calm
0.3231274485588074,2208.404989887303,2151.2463640974556,4358.773643092105,0.11418865192047213,-267.5763854980469,90.0005111694336,-16.14813804626465,25.517826080322266,10.546586036682129,6.166127681732178,-3.8298535346984863,-0.7841420769691467,-1.7506129741668701,4.537853717803955,-3.723113536834717,-3.0952250957489014,-9.575051307678223,-2.4416136741638184,-4.099118232727051,-0.4214912950992584,-2.7844557762145996,0.7811447381973267,-2.808189630508423,-2.852254867553711,Calm
0.355541467666626,2122.293041284168,2299.389106827054,4648.696889965896,0.09022167666408669,-188.32960510253906,84.11502075195312,7.651226043701172,33.70914840698242,-0.9123372435569763,9.642910957336426,0.29978418350219727,3.4680020809173584,-6.637943267822266,-1.9938945770263672,-6.478704452514648,3.453059673309326,-2.5158467292785645,-0.6088899374008179,-2.607220411300659,1.0555803775787354,-2.0762131214141846,3.526312828063965,-1.3088752031326294,-1.75933837890625,Calm
0.43312233686447144,2595.024108391169,2503.7901353402135,5264.593165725378,0.11644827544504643,-197.42759704589844,52.629905700683594,27.240989685058594,43.70627975463867,9.764695167541504,19.798839569091797,4.021366596221924,10.739971160888672,2.2085044384002686,6.658085823059082,2.689265012741089,3.801231622695923,-0.6099640130996704,1.5316699743270874,-2.8473455905914307,5.79163122177124,-3.1435673236846924,-0.15399065613746643,-1.4952199459075928,-0.7894737720489502,Calm
0.40434983372688293,2530.8381332971785,2665.223007740686,5551.108099875435,0.0866642529750387,-154.4217071533203,64.25326538085938,31.894561767578125,37.84269714355469,11.65298080444336,14.602753639221191,5.728616714477539,7.983729362487793,0.07971885800361633,6.523939609527588,-3.966176986694336,5.808323383331299,-2.3226685523986816,3.2578985691070557,1.0847910642623901,1.867771029472351,-2.3372538089752197,1.670073390007019,-1.3875889778137207,2.4646530151367188,Calm
0.38103049993515015,2455.280466549293,2413.339573377362,5037.9195363898025,0.1095851272252322,-138.6589813232422,78.1010513305664,5.5989603996276855,21.23197364807129,-1.0760680437088013,0.27657902240753174,-7.415072441101074,3.659745931625366,-6.397707462310791,0.668364942073822,-5.663352966308594,0.5758330821990967,-6.9173760414123535,-2.2024214267730713,-3.907590866088867,3.026704788208008,-0.7607211470603943,4.7461700439453125,0.3076803684234619,0.7122238874435425,Calm
0.3857283890247345,2921.4772723724773,2844.978617477099,6328.811730541312,0.1239183738873839,-121.21209716796875,64.77767181396484,31.814556121826172,25.815526962280273,13.401803970336914,3.2354342937469482,-4.1037445068359375,1.964982032775879,-3.182269811630249,1.2600955963134766,-3.585326671600342,2.698052167892456,-0.03388792648911476,1.792934775352478,-3.262815475463867,2.4257824420928955,-5.474521160125732,0.5584505796432495,-4.858295917510986,3.066993474960327,Calm
0.45849037170410156,2196.830468027672,2230.757651333918,4504.522761767124,0.08732411293053406,-194.7578887939453,85.79472351074219,4.786399841308594,39.52616882324219,3.6861565113067627,20.688610076904297,0.9221401214599609,6.327154636383057,-3.4748103618621826,2.1190218925476074,-3.201915740966797,3.8578970432281494,0.6349673271179199,4.249734878540039,1.48918879032135,4.656245231628418,-0.40680450201034546,2.3976290225982666,-1.1894862651824951,-0.19419889152050018,Calm
0.3838455080986023,1985.4503206528634,2332.500742275365,4389.648456396333,0.06873049898413312,-148.35206604003906,94.77252197265625,17.941795349121094,30.79555320739746,8.509718894958496,13.74824047088623,1.9108089208602905,8.104331970214844,-2.5057766437530518,7.588117599487305,0.19877874851226807,0.18604795634746552,-5.02950382232666,-0.10346538573503494,-2.1403913497924805,2.0636699199676514,-2.8201780319213867,2.4388387203216553,-2.3841121196746826,-0.7740919589996338,Calm
0.4133315682411194,2453.5186393007893,2391.6649721689478,5012.628022657459,0.10344873198045666,-182.92996215820312,67.62576293945312,4.279154300689697,33.75033950805664,4.672667503356934,16.80440330505371,-0.26261329650878906,7.980152606964111,-1.1615921258926392,6.346257209777832,0.6049382090568542,5.478283405303955,0.8538547158241272,4.698414325714111,-0.9278688430786133,4.603860378265381,-1.3189164400100708,-0.7970737814903259,-3.7263243198394775,-0.4252060353755951,Calm
0.3572700321674347,2147.8097972861938,2396.8997007921616,4701.829902011174,0.08448210441660217,-206.23635864257812,82.28715515136719,8.579070091247559,29.927522659301758,9.6336669921875,4.685358047485352,4.7384490966796875,4.55172061920166,-6.326096534729004,-0.8350242376327515,-7.328102111816406,0.6642788648605347,0.29691752791404724,-1.035745620727539,-4.891750335693359,-3.850837230682373,-9.702452659606934,-3.7491486072540283,-4.826409816741943,0.013369415886700153,Calm
0.41786468029022217,2609.7216990428765,2581.5643180960597,5518.241631947803,0.10270270474554953,-98.43098449707031,64.706298828125,12.348631858825684,37.608638763427734,4.49004602432251,14.591310501098633,-3.369687080383301,8.204297065734863,1.3774566650390625,2.5458872318267822,-0.852009654045105,6.093858242034912,0.2610975205898285,2.7928390502929688,0.41395682096481323,8.217205047607422,-3.703819513320923,1.3401778936386108,0.5364797115325928,1.2287887334823608,Calm
0.2820994555950165,2387.829388417556,2310.0868640741523,4912.136963646479,0.10982473273026316,-236.80203247070312,78.12218475341797,-19.43777847290039,8.434879302978516,-3.47878098487854,2.8251771926879883,-4.5583906173706055,-0.573915421962738,-9.635286331176758,0.1466902494430542,-6.027616024017334,0.7719228863716125,-4.277100563049316,2.0047128200531006,-7.229694843292236,3.7935631275177,-6.88168478012085,-2.2678563594818115,-3.4675796031951904,3.6306092739105225,Calm
0.38018596172332764,2705.800184210294,2694.737820155751,5878.239455090219,0.11261912248452012,-112.68897247314453,63.02124786376953,19.20840072631836,28.004589080810547,4.117774486541748,7.3870530128479,0.19817094504833221,8.626392364501953,-5.568091869354248,-0.3753815293312073,-5.439043998718262,-0.7238783836364746,-3.374427080154419,-4.893322467803955,-9.567573547363281,1.727447748184204,-4.941050052642822,1.555182933807373,-3.755417585372925,1.7130156755447388,Calm
0.3847161829471588,2763.585986793341,2721.5467990445372,5990.022112489116,0.11681373052921827,-114.1371078491211,61.71794128417969,19.593273162841797,27.595046997070312,4.1447625160217285,7.19315242767334,0.0715908333659172,8.731162071228027,-5.463458061218262,-0.4400236904621124,-5.43754768371582,-0.6324296593666077,-3.3733253479003906,-4.927748203277588,-9.678078651428223,1.7867118120193481,-4.8360185623168945,1.5488855838775635,-3.8728692531585693,1.6890052556991577,Calm
0.41365253925323486,2839.2987226175096,2723.970879508444,6078.1882460272345,0.12704874044601394,-132.16824340820312,63.6873893737793,15.86650562286377,28.506999969482422,8.017351150512695,8.305618286132812,-2.154921770095825,5.949437618255615,-2.7442750930786133,5.454658031463623,-3.3692147731781006,4.467317581176758,-0.01973533071577549,2.758666515350342,-3.1602530479431152,0.8948590755462646,-3.074521541595459,0.23227405548095703,-5.6521759033203125,4.985667705535889,Calm
0.34721943736076355,2324.1669469077365,2658.210614204175,5423.142207001016,0.08320244473200464,-150.49288940429688,74.82686614990234,27.434494018554688,34.0100212097168,16.7287540435791,15.552153587341309,6.135567665100098,6.368928909301758,-3.7105422019958496,8.252315521240234,-1.6709020137786865,-0.4497877061367035,-3.5211570262908936,2.9689133167266846,-3.1678807735443115,1.1206302642822266,-2.7532196044921875,1.786238431930542,-5.950742244720459,-2.2784886360168457,Calm
0.3249492943286896,2352.739891172573,2346.345710530223,4935.145157852409,0.10179946001838236,-219.67881774902344,73.44039154052734,1.5168704986572266,29.350854873657227,-3.8542861938476562,8.989774703979492,-5.836893558502197,2.4410905838012695,-6.5913872718811035,-0.9304588437080383,-8.8712739944458,-6.160033226013184,-7.835669994354248,-3.2580018043518066,-7.247885227203369,0.47788920998573303,-2.385479688644409,-0.07778441905975342,-0.8809496760368347,1.3154784440994263,Calm
0.3531772494316101,1544.0429676318886,1897.0675275546791,3010.781794214396,0.06453135581946594,-204.39227294921875,121.57545471191406,8.802760124206543,23.724672317504883,6.599122524261475,7.336000919342041,1.5141128301620483,5.661220073699951,-7.475149154663086,-0.6422328352928162,-4.4309000968933105,-2.704592704772949,-5.399787425994873,-1.883094072341919,-3.606001615524292,-0.5928452610969543,-4.774056434631348,1.263599157333374,-3.5889949798583984,-0.5024470686912537,Calm
0.3212418854236603,1819.7758374650643,2197.0757541807307,4042.4505558545375,0.0671726852747678,-220.65985107421875,94.00921630859375,11.783515930175781,30.715593338012695,7.1670732498168945,4.72435188293457,-1.6299703121185303,-0.17515228688716888,-4.2916412353515625,-3.523456335067749,-9.220501899719238,-4.1781907081604,-7.542450428009033,-0.03042498603463173,-3.5723328590393066,1.5671367645263672,-2.3929972648620605,-1.272416591644287,-5.07511043548584,-0.37362849712371826,Calm
0.32030272483825684,1817.120281148201,2188.1437999969394,4038.7589115107394,0.067073290562113,-220.34800720214844,93.8199462890625,11.371806144714355,31.090147018432617,6.9947075843811035,5.010778427124023,-1.6148921251296997,-0.05922809988260269,-4.210831642150879,-3.5007200241088867,-9.256290435791016,-4.062228679656982,-7.510039329528809,0.037996936589479446,-3.5345349311828613,1.498565435409546,-2.421031951904297,-1.21060311794281,-5.061722755432129,-0.3066056966781616,Calm
0.3212418854236603,1819.7758374650643,2197.0757541807307,4042.4505558545375,0.0671726852747678,-220.65985107421875,94.00921630859375,11.783515930175781,30.715593338012695,7.1670732498168945,4.72435188293457,-1.6299703121185303,-0.17515228688716888,-4.2916412353515625,-3.523456335067749,-9.220501899719238,-4.1781907081604,-7.542450428009033,-0.03042498603463173,-3.5723328590393066,1.5671367645263672,-2.3929972648620605,-1.272416591644287,-5.07511043548584,-0.37362849712371826,Calm
0.36978134512901306,2416.51766538203,2627.972146829961,5477.233546584753,0.1011649211493808,-205.38731384277344,77.25215911865234,20.30613899230957,25.333057403564453,1.7207070589065552,6.510583400726318,-4.404472351074219,-3.460186243057251,-5.926212787628174,5.813819885253906,-3.144519329071045,1.2980644702911377,-6.655275821685791,1.2381221055984497,-6.602933406829834,-0.3305949866771698,-4.261967182159424,1.1622554063796997,-3.31042742729187,4.323618412017822,Calm
0.4163701832294464,2281.8455079058235,2527.8318365610094,5115.469067458398,0.08329692639802631,-133.67982482910156,78.22081756591797,20.053695678710938,31.723709106445312,5.746705055236816,12.911956787109375,2.497159242630005,12.191349983215332,1.884484052658081,4.1190032958984375,1.5995829105377197,8.805489540100098,0.8148280382156372,2.610433340072632,0.6601740121841431,5.488515377044678,-2.659939765930176,1.6156705617904663,-1.8453954458236694,0.35410162806510925,Calm
0.46624675393104553,1727.287503150381,2181.2239917186953,3779.893810165925,0.05664742767995356,-203.97064208984375,83.08472442626953,21.108795166015625,42.63703155517578,13.75548267364502,16.514118194580078,8.248287200927734,12.236725807189941,2.446842908859253,5.084630012512207,-1.1819896697998047,5.615458965301514,4.687054634094238,5.090123176574707,1.6086690425872803,2.688932418823242,-1.4340052604675293,0.4606030285358429,-0.6205427050590515,2.413001537322998,Calm
0.3813748061656952,2307.957252941432,2549.2239307240343,5151.1188518890285,0.09044314168924149,-105.04902648925781,80.4940414428711,25.33988380432129,25.085237503051758,-3.3345882892608643,15.191019058227539,2.6830427646636963,13.40538215637207,1.1205861568450928,7.7011847496032715,0.3134777545928955,4.44526481628418,0.8874688148498535,4.405152797698975,-1.7753033638000488,2.3745079040527344,-0.07940211147069931,4.720606327056885,0.5018860697746277,2.2856860160827637,Calm
0.364368736743927,2689.0068257270455,2563.551656695061,5593.216178586978,0.13169837219427244,-160.8116455078125,68.90612030029297,7.959432601928711,29.93655014038086,-1.8695685863494873,8.948875427246094,-4.381494522094727,2.38197660446167,-2.514659881591797,-0.6972662210464478,-4.458689212799072,-1.4362906217575073,-6.624704360961914,0.32335329055786133,-7.718331813812256,-1.0511881113052368,-6.920289993286133,0.371204674243927,-5.206912040710449,-1.15487802028656,Calm
0.4222438335418701,2195.432372947094,2444.8017487409743,4914.036952157508,0.07545154677825078,-177.46328735351562,76.00038146972656,15.256388664245605,37.959999084472656,8.176691055297852,21.104568481445312,0.5618026256561279,7.352443695068359,0.6953060626983643,9.583163261413574,0.28722837567329407,2.731571912765503,-2.296656370162964,4.256155490875244,2.4960055351257324,8.513534545898438,1.8928200006484985,6.406188011169434,2.7075603008270264,1.5635088682174683,Calm
0.350178599357605,2300.6202600643587,2226.5222657108184,4981.303212074304,0.09751528335429567,-285.7064514160156,51.611351013183594,8.683048248291016,21.42958641052246,3.463083267211914,2.4368245601654053,-4.775076866149902,3.393888473510742,-4.096562385559082,3.075012445449829,-2.88722562789917,1.6852720975875854,-3.5174360275268555,0.9017610549926758,-1.3656283617019653,2.7371890544891357,-2.408297300338745,1.6399242877960205,-2.8447105884552,0.9139904379844666,Calm
0.3366324305534363,1949.9838659667944,2302.486237724005,4277.640800357972,0.08292806997387771,-165.2496337890625,96.15525817871094,11.204158782958984,27.85971450805664,-0.04843602702021599,7.936893939971924,1.832686424255371,10.218503952026367,-2.801910161972046,6.24146842956543,-2.8366143703460693,0.25390562415122986,-2.8993747234344482,-1.8642396926879883,-5.400454998016357,3.434792995452881,-3.3051674365997314,1.5783774852752686,-6.085100173950195,-3.3486168384552,Calm
0.33772602677345276,1990.914087993046,2334.3726253142954,4389.240125532121,0.08410568945917182,-166.7769012451172,94.99689483642578,11.417966842651367,27.586685180664062,0.023868903517723083,7.8162641525268555,1.664930820465088,10.157505989074707,-2.7896838188171387,6.350376605987549,-2.9007136821746826,0.3970511257648468,-3.107733964920044,-1.8116203546524048,-5.351498126983643,3.3954567909240723,-3.1626181602478027,1.5852432250976562,-6.194541931152344,-3.204383611679077,Calm
0.4319380819797516,2409.506723489239,2406.0182222654257,4964.828311695772,0.1151039903008901,-119.6990966796875,80.54802703857422,-12.382332801818848,19.95046615600586,3.5840039253234863,9.88687515258789,8.409939765930176,10.585440635681152,0.4410110414028168,5.563178062438965,-3.55336856842041,4.345688819885254,0.39532873034477234,2.2787630558013916,-1.9562958478927612,2.205065965652466,-6.099117279052734,0.583607017993927,-5.070226192474365,-0.4479295015335083,Calm
0.2981772720813751,2689.954569439113,2629.1816571281015,5777.27339895148,0.12487301664086688,-155.05831909179688,67.08065032958984,14.895296096801758,20.774229049682617,-7.7544732093811035,-2.1887094974517822,-6.959639072418213,-4.481874465942383,-8.325736045837402,3.147270441055298,-7.151614189147949,-0.8949114680290222,-2.13632869720459,0.9710268378257751,-0.7655738592147827,1.2734301090240479,-2.601149559020996,2.2204785346984863,-4.035507678985596,-0.809775710105896,Calm
0.41387781500816345,2533.1597125515796,2642.21259434797,5519.474957823384,0.0967873965992647,-133.8083038330078,69.01277923583984,24.578594207763672,28.69754409790039,5.535778522491455,8.457671165466309,2.7777881622314453,9.325596809387207,-3.076585292816162,4.0137763023376465,-1.0952000617980957,6.895716190338135,-1.7915911674499512,3.0868399143218994,-2.2886838912963867,1.953172206878662,-2.6226563453674316,2.4141361713409424,-3.1996896266937256,3.646174907684326,Calm
0.4651457667350769,2359.520574176382,2529.2013164447612,5072.560993584317,0.11996072586106811,-187.70758056640625,68.48677062988281,14.008991241455078,32.694114685058594,12.091419219970703,14.921504974365234,7.055078983306885,9.687612533569336,3.7461187839508057,3.751845121383667,-3.515627384185791,4.800990581512451,-3.768001079559326,1.5188612937927246,-2.5874528884887695,2.4679789543151855,-3.244088888168335,1.3354980945587158,-2.8831701278686523,1.216242790222168,Calm
0.3705725073814392,1886.5458716608184,2328.7503007153878,4197.032954449255,0.06762317385835913,-158.68539428710938,93.57516479492188,26.821088790893555,30.581850051879883,-0.6768940687179565,11.643975257873535,1.5776177644729614,4.3078837394714355,-1.2393836975097656,5.8838114738464355,-0.1564779132604599,2.8202414512634277,-0.4978809058666229,1.4540107250213623,-0.13776041567325592,0.9739706516265869,-4.5740275382995605,-0.10166732966899872,-5.197614669799805,0.03735951706767082,Calm
0.39633581042289734,2602.1983103348357,2435.934073096437,5265.534826697949,0.12096071981424149,-121.7473373413086,69.94869995117188,-1.5369778871536255,24.96458625793457,-0.38686954975128174,6.695204257965088,-0.6125525832176208,4.710832595825195,-5.978192329406738,0.32410669326782227,-6.830955505371094,3.98048734664917,-2.560228109359741,1.3074650764465332,-5.626640796661377,-1.7027058601379395,-5.165599346160889,3.1127891540527344,-3.834214925765991,-1.654940128326416,Calm
0.36886897683143616,2453.344588448237,2670.4785807558305,5648.574177178067,0.09745216960139319,-141.8459930419922,74.55431365966797,23.220306396484375,28.641408920288086,4.279955863952637,1.888554334640503,-5.196118354797363,3.5467967987060547,-6.329738616943359,2.5923194885253906,-6.4900970458984375,2.2141172885894775,-4.875197887420654,-0.22347193956375122,-3.0810115337371826,1.532292127609253,-6.674549102783203,-0.24088455736637115,-6.0147223472595215,4.114648818969727,Calm
0.388609379529953,2163.3817526294984,2423.5271006987905,4781.162755629595,0.08055884771671827,-128.4080810546875,88.91349029541016,10.816034317016602,29.28737449645996,3.8578641414642334,3.645742177963257,-8.106527328491211,3.6114308834075928,-6.639291763305664,3.4843077659606934,-5.4160308837890625,1.3933600187301636,-4.8277177810668945,0.382045716047287,-2.3245460987091064,3.227191686630249,-4.182651996612549,1.5723224878311157,-3.4332637786865234,0.8555476665496826,Calm
0.3964940011501312,2213.406804074469,2449.276757348538,4750.246275910652,0.08520696775832043,-222.7469482421875,72.64582824707031,27.82758140563965,36.32096862792969,12.42404842376709,14.417292594909668,3.1570956707000732,9.32400894165039,0.42644715309143066,5.5325517654418945,1.2673969268798828,3.020425796508789,2.856391191482544,5.879106521606445,0.3675174415111542,5.228665351867676,-2.912468671798706,-0.014283738099038601,-2.4772486686706543,-2.529390573501587,Calm
0.33217334747314453,2970.864520683798,2884.2998623145186,6652.9514371795185,0.12751699158281735,-223.4456329345703,57.28961944580078,18.65435791015625,12.693635940551758,-1.1681586503982544,-7.568005561828613,-11.089804649353027,-7.6720290184021,-15.355768203735352,6.140505313873291,-13.35164737701416,-8.140334129333496,-5.368374347686768,-2.0935239791870117,-4.0792155265808105,-2.695483684539795,-3.3603930473327637,-1.2015844583511353,-3.206303834915161,1.2885315418243408,Calm
0.33446332812309265,3046.2775451235398,2910.1581712658544,6759.5424593048565,0.13325127285700464,-222.8209228515625,55.44356918334961,19.10189437866211,12.690476417541504,-1.1630014181137085,-7.444847583770752,-11.226134300231934,-7.507514476776123,-15.057541847229004,5.817331790924072,-13.171016693115234,-7.961204528808594,-5.456689834594727,-1.948448896408081,-4.233051300048828,-2.467067003250122,-3.6286492347717285,-1.075316309928894,-3.372548818588257,1.3940943479537964,Calm
0.40403738617897034,2804.624577325267,2482.941627392049,5545.516467020608,0.14377237325851394,-186.88528442382812,50.08525848388672,2.7890548706054688,47.15293502807617,8.243974685668945,5.370513439178467,-0.16361834108829498,4.976971626281738,-6.312942028045654,1.7081546783447266,-5.499839782714844,4.037702560424805,-3.3260796070098877,3.579084634780884,-0.6866733431816101,-2.249286651611328,-7.521083831787109,-0.49625927209854126,-6.656888008117676,4.486209869384766,Calm
0.40403738617897034,2804.624577325267,2482.941627392049,5545.516467020608,0.14377237325851394,-186.88528442382812,50.08525848388672,2.7890548706054688,47.15293502807617,8.243974685668945,5.370513439178467,-0.16361834108829498,4.976971626281738,-6.312942028045654,1.7081546783447266,-5.499839782714844,4.037702560424805,-3.3260796070098877,3.579084634780884,-0.6866733431816101,-2.249286651611328,-7.521083831787109,-0.49625927209854126,-6.656888008117676,4.486209869384766,Calm
0.2929118573665619,2514.5168989626613,2478.5327025228316,5338.026055020076,0.11416522046729877,-236.38893127441406,69.0239486694336,1.8265820741653442,25.115310668945312,-2.396125316619873,5.698773384094238,-8.09957504272461,-0.12097111344337463,-10.234137535095215,-2.7954297065734863,-11.739153861999512,-1.7459532022476196,-6.928845405578613,-6.2102532386779785,-7.589503765106201,-1.4492965936660767,-3.7881009578704834,-0.9046221971511841,-6.883556842803955,-1.1771615743637085,Calm
0.2895774245262146,2437.0340982103367,1920.340248645609,4449.023097366003,0.17172193970104488,-304.2547302246094,78.08831787109375,-39.62115478515625,45.75924301147461,-4.788926601409912,20.719938278198242,-0.42470887303352356,-11.092028617858887,-1.7265050411224365,6.330355167388916,7.089254856109619,-4.8179097175598145,-9.905927658081055,-5.6705241203308105,-8.80704402923584,-0.8688970804214478,-6.522648334503174,-3.9338274002075195,-5.87052059173584,11.2893705368042,Calm
0.3875105082988739,2541.957908195941,2577.8634821653104,5445.883736152767,0.09764604598006967,-156.7725372314453,65.04039001464844,21.021699905395508,40.44845199584961,5.293308258056641,16.296695709228516,8.023604393005371,7.6797027587890625,-1.195873737335205,3.2015891075134277,-2.5622096061706543,5.527833461761475,-0.9894384741783142,2.708379030227661,1.0386894941329956,5.481039524078369,-1.858991026878357,3.8426146507263184,0.30290254950523376,3.09226393699646,Calm
0.3869313895702362,2106.5742948473253,2249.8516080535705,4246.449322301906,0.09190685165924922,-143.39015197753906,86.86094665527344,3.1817193031311035,30.49498176574707,4.9892191886901855,6.209599494934082,0.04042690992355347,4.008697032928467,-8.442300796508789,0.7685588598251343,0.295453280210495,5.27992057800293,0.5738007426261902,3.934699296951294,-2.6861624717712402,0.09214548766613007,-5.887415409088135,-0.5647663474082947,-7.898693561553955,-0.5182677507400513,Calm
0.336582213640213,2881.999532647223,2522.8381134800497,5687.682274030089,0.1470780977892802,-192.69577026367188,50.863521575927734,0.45695868134498596,33.774757385253906,-6.769023418426514,6.689390182495117,-3.3678276538848877,-1.6276893615722656,-11.593164443969727,0.03201945871114731,-2.2138588428497314,-2.3014657497406006,-6.048504829406738,-6.029454708099365,-7.628903388977051,-4.7029619216918945,-9.198760986328125,-4.544221878051758,-8.494769096374512,-1.8237639665603638,Calm
0.3696874976158142,2490.8193324790805,2502.687702044257,5350.542646000629,0.10655680086590558,-120.77494049072266,70.42891693115234,7.21428918838501,30.605976104736328,-1.0100929737091064,14.041898727416992,-6.343139171600342,9.272841453552246,1.67560613155365,3.3896324634552,-0.0017633113311603665,3.536752700805664,-3.9311182498931885,0.20864319801330566,-2.3726446628570557,5.062231540679932,-0.3908197283744812,3.51916241645813,4.118181228637695,4.538390636444092,Calm
0.39158329367637634,2057.4779911134415,2470.333977188986,4690.99663418513,0.058741897252321984,-172.75991821289062,80.41016387939453,25.920377731323242,33.02326965332031,11.402999877929688,14.313016891479492,4.812976360321045,8.685754776000977,0.02611931413412094,4.4376540184021,-1.327604055404663,4.296830177307129,0.7317227125167847,3.4502084255218506,1.9037989377975464,3.3315656185150146,-2.80250883102417,-0.5667824745178223,-5.829957962036133,0.5771784782409668,Calm
0.4037664234638214,2399.9279433580596,2481.0331639427627,5111.7357566998835,0.10359385581946594,-132.38784790039062,79.17598724365234,3.036250114440918,29.28080177307129,3.3718159198760986,8.294885635375977,4.35365104675293,6.786352157592773,-2.675053358078003,4.7543864250183105,-5.543613433837891,1.3678094148635864,-2.177844762802124,-0.16665059328079224,-2.9511704444885254,3.956864595413208,-0.9604904055595398,5.727826118469238,-2.486750602722168,-1.206274151802063,Calm
0.4380575120449066,2356.4151413607037,2569.420240789824,5173.935380587268,0.07919944550599846,-215.48756408691406,66.30779266357422,32.57504653930664,38.583736419677734,12.567566871643066,16.292797088623047,8.81993579864502,9.959619522094727,1.0789830684661865,7.45619535446167,0.9877386689186096,6.123809337615967,0.6116260290145874,3.613161087036133,-0.8809852004051208,2.379899740219116,-3.917509078979492,2.9615402221679688,-0.14335834980010986,3.8561224937438965,Calm
0.3276641070842743,2033.8883600400904,2164.635262796604,4199.224607863293,0.10026734532217492,-251.43145751953125,87.45047760009766,13.439905166625977,29.2067928314209,11.415204048156738,6.777300834655762,5.331499099731445,-1.4718186855316162,-4.7567644119262695,0.07691402733325958,-6.9170403480529785,-5.48515510559082,-8.293717384338379,-7.067605018615723,-2.1138055324554443,1.41619074344635,-6.775153160095215,1.3265509605407715,-3.8084218502044678,-4.967415809631348,Calm
0.3791173994541168,2445.3973883083813,2620.9930784414705,5391.592397778396,0.09771407277960527,-122.6275634765625,75.99217224121094,25.37460708618164,28.634641647338867,3.8175461292266846,10.757903099060059,-0.07888241112232208,2.86501407623291,-5.120828628540039,-0.01694387011229992,-5.3093791007995605,1.6353158950805664,-2.0620529651641846,1.5208473205566406,-2.700573205947876,1.6861507892608643,-4.44757080078125,1.4607940912246704,-2.19348406791687,3.666975975036621,Calm
0.3537335991859436,1879.4454274187253,2005.8544231559051,3801.3020140467784,0.07557437294407894,-188.8273468017578,100.83628845214844,0.7619917988777161,38.210201263427734,-0.15588757395744324,10.234264373779297,-2.535460948944092,1.4711759090423584,-5.498908519744873,-2.017514705657959,-3.401062250137329,0.027457034215331078,-2.837209701538086,-1.4637454748153687,-3.8233718872070312,1.274428367614746,-0.9069830775260925,1.9727957248687744,2.207643508911133,4.767637729644775,Calm
0.373287171125412,2763.022976559223,2604.3087549163506,5750.431894591718,0.12564890008223684,-146.2129669189453,57.154640197753906,23.618330001831055,40.46426773071289,1.563005805015564,10.805426597595215,-1.743729591369629,6.284639835357666,-5.25405740737915,2.477529764175415,-4.1152262687683105,1.5087560415267944,-4.324731349945068,-0.09272629022598267,-3.9361650943756104,-0.9922159314155579,-5.531619548797607,0.09192801266908646,-6.934840679168701,-2.0036001205444336,Calm
0.3754972815513611,2807.308555131588,2628.905084265037,5842.598003942531,0.12801018587945046,-147.34075927734375,56.0073356628418,24.133710861206055,40.15569305419922,1.7919366359710693,10.630715370178223,-1.7620218992233276,6.305796146392822,-5.19403076171875,2.501152515411377,-4.18510103225708,1.533734679222107,-4.353389739990234,0.037178441882133484,-4.134464740753174,-0.8991663455963135,-5.561506271362305,0.004445740487426519,-6.818873405456543,-1.987017035484314,Calm
0.4447981119155884,2194.890297559407,2415.1084301204382,4776.587783293828,0.07847647179760062,-175.4792022705078,77.05138397216797,13.499271392822266,37.60918045043945,9.20154857635498,17.867855072021484,3.69655704498291,7.796521186828613,-0.10487805306911469,6.871308326721191,-1.8357983827590942,3.6866941452026367,-1.0630521774291992,3.249424695968628,1.848565936088562,7.6028594970703125,0.9060879349708557,5.229055881500244,-0.05728517845273018,3.742427110671997,Calm
0.3128710389137268,1968.7393067764522,1824.512762821574,3849.651721682711,0.11139690765286378,-197.14566040039062,118.81444549560547,-18.39321517944336,16.197559356689453,-4.555356979370117,4.60796594619751,2.0002472400665283,-1.0816766023635864,-2.4380033016204834,-0.9139866232872009,-0.6592841744422913,3.3746743202209473,0.8912289142608643,2.00852108001709,-5.0348334312438965,1.3397443294525146,-2.438349962234497,-8.33586597442627,-7.734400749206543,6.45766019821167,Calm
0.407694548368454,3128.0507753246948,2623.9526883832755,6171.27101650179,0.17602236721168732,-116.27301788330078,51.3051643371582,-5.117781639099121,15.109225273132324,-8.43005657196045,6.240912914276123,0.49389857053756714,5.8269362449646,-3.600494384765625,2.1346914768218994,-4.831568717956543,2.140451431274414,-0.711824893951416,4.216307163238525,-0.17289161682128906,6.542849540710449,-0.7428951859474182,4.86057710647583,-2.1636903285980225,1.9562863111495972,Calm
0.40097275376319885,2771.8827106163985,2696.8707064678365,5877.822790943063,0.13130570639028638,-118.23865509033203,66.77001190185547,23.45594024658203,24.976974487304688,4.895279884338379,10.301898002624512,1.405535101890564,5.151371479034424,-0.054782263934612274,4.893697261810303,-1.088045358657837,2.813807964324951,-0.7093594670295715,1.648850917816162,-0.9637619256973267,6.098608493804932,-2.527916669845581,0.8184852004051208,-3.1424050331115723,1.4791640043258667,Calm
0.43351224064826965,2679.3750148661884,2553.6433968315164,5530.208226254112,0.1132472366002322,-199.4355926513672,67.27393341064453,7.9328694343566895,26.82015609741211,5.13264274597168,11.37165641784668,-1.0255528688430786,5.640263557434082,1.2476171255111694,8.739690780639648,1.264391303062439,8.083706855773926,-1.368447184562683,3.9808900356292725,-0.5119116902351379,3.9174797534942627,-1.614690899848938,4.572019100189209,-1.8595250844955444,2.1834611892700195,Calm
0.40261077880859375,2038.173722150396,2528.6859512970836,4649.730217050842,0.0630903214493034,-175.3049774169922,80.92127227783203,45.180728912353516,40.013404846191406,13.623128890991211,17.261455535888672,3.084994316101074,4.328068256378174,-2.4203410148620605,5.635263442993164,0.29819273948669434,3.7815935611724854,-1.4053515195846558,3.0136518478393555,-2.7481987476348877,0.8429723381996155,-4.9719767570495605,-0.34193897247314453,-4.230821132659912,2.189141035079956,Calm
0.2908274233341217,1894.9337831916116,2024.018808499711,3895.926441865809,0.08903725449883901,-237.64112854003906,99.80938720703125,-11.499848365783691,31.443117141723633,-4.4622063636779785,5.552282333374023,-7.377588748931885,-6.842140197753906,-12.008940696716309,0.1286628693342209,-8.35776424407959,-6.022374629974365,-11.512561798095703,-5.00126314163208,-8.239295959472656,-3.7316133975982666,-9.099264144897461,-5.040054798126221,-7.2931318283081055,-0.08095453679561615,Calm
0.32041046023368835,2504.893707994892,2362.061531321329,5172.6937214287445,0.11134059657991487,-139.24171447753906,75.16083526611328,6.14272403717041,17.734638214111328,-2.146188497543335,6.1674885749816895,-10.342761039733887,0.8961246609687805,-4.1385817527771,-0.9381557703018188,-6.248042106628418,-0.048247866332530975,-4.220677375793457,-2.362117290496826,-6.166640281677246,-3.651654005050659,-8.695433616638184,-2.9624269008636475,-9.92025089263916,-7.903886318206787,Calm
0.39033129811286926,2038.9675883434622,2254.582782600142,4393.048435837122,0.07254340109810371,-169.7828369140625,85.30892944335938,1.2478746175765991,29.74151039123535,13.20177936553955,10.233837127685547,-1.7814431190490723,1.4045381546020508,1.241180658340454,5.499754905700684,-1.0009397268295288,5.107927322387695,-0.11912550777196884,-1.7745397090911865,1.9291081428527832,2.5644562244415283,-3.4070043563842773,-2.1731767654418945,-4.010027885437012,2.289109706878662,Calm
0.4538373649120331,1662.1430282922838,2034.468278553138,3703.1026078451528,0.05506089154411765,-139.19268798828125,134.77496337890625,-2.581834077835083,12.714668273925781,21.095115661621094,15.217047691345215,1.517714500427246,13.26796817779541,2.780794620513916,5.638627052307129,-2.2348058223724365,2.29431414604187,-0.6435175538063049,0.43267208337783813,4.094508647918701,4.08439302444458,-2.1233503818511963,5.382868766784668,-0.005906166974455118,2.474458694458008,Calm
0.35161396861076355,1835.3802477349686,2228.175600149451,4009.659087473394,0.06070409249226006,-157.74656677246094,101.84476470947266,13.335769653320312,24.213930130004883,9.249998092651367,7.874966621398926,-9.020517349243164,-5.655071258544922,-9.365229606628418,-0.1995934695005417,-5.789419174194336,1.180080771446228,-1.114752173423767,0.920183002948761,1.7996140718460083,1.9403531551361084,-5.810306549072266,1.3776905536651611,-6.074780464172363,-0.5323244333267212,Calm
0.3414733111858368,1947.9788118497095,2080.279517274292,4201.749592595056,0.0728162641495743,-239.48660278320312,92.28030395507812,16.617624282836914,27.948463439941406,11.47945499420166,10.939170837402344,0.0606117844581604,5.520877361297607,-0.2348645031452179,8.553332328796387,5.071720600128174,10.59546947479248,4.482977867126465,1.6827298402786255,-10.363709449768066,-3.8919665813446045,-2.6476895809173584,-2.498706102371216,-8.904550552368164,-3.038461208343506,Calm
0.38251227140426636,3063.994627815733,2759.8976995764206,6388.10303868155,0.14804483419601394,-93.6032943725586,58.00197219848633,3.4201066493988037,7.657730579376221,0.1582186222076416,6.879370212554932,-4.566033840179443,7.237691879272461,-4.111320495605469,-1.1848970651626587,-4.3505940437316895,1.8620930910110474,-6.481710433959961,0.5407373905181885,-5.335011005401611,0.15678741037845612,-6.9263105392456055,-0.334602415561676,-3.661428451538086,2.901911497116089,Calm
0.3717086911201477,1978.1663423604202,2153.4399688666767,4143.341612446788,0.08199648074690402,-203.1383056640625,91.64804077148438,8.149906158447266,23.46317481994629,11.309383392333984,7.7503838539123535,-2.8393616676330566,2.9299237728118896,0.0523664616048336,0.6103879809379578,0.12373309582471848,5.4755330085754395,1.3057702779769897,4.3231329917907715,4.994656085968018,2.8379485607147217,-2.937354326248169,0.5362805128097534,-2.3588829040527344,0.2808951735496521,Calm
0.33249226212501526,2550.217072473652,2506.4286200210718,5348.434325416021,0.123421778250774,-150.24620056152344,77.08070373535156,-4.04456901550293,9.111883163452148,1.7192343473434448,-5.857545852661133,-3.0122594833374023,-2.8692867755889893,-8.638226509094238,-1.1730214357376099,-8.58708381652832,0.9528921842575073,-8.452377319335938,-0.8390068411827087,-0.5056622624397278,0.7748461961746216,-2.0206634998321533,1.532906413078308,-2.0809898376464844,3.5601625442504883,Calm
0.3197892904281616,2099.4825023019266,2184.6382126464005,4267.982525426906,0.10111012178308823,-168.96969604492188,97.953857421875,-4.514571189880371,25.844375610351562,2.504981756210327,-7.573274612426758,-6.455166339874268,-9.529706954956055,1.052191138267517,-1.3943904638290405,-8.26183032989502,-1.4342098236083984,-6.968543529510498,-4.021910667419434,-2.0087575912475586,-0.1899600625038147,-7.541546821594238,1.328345537185669,-5.590320587158203,-4.06021785736084,Calm
0.4862368702888489,2319.442616167748,2580.379181019254,5157.043816061581,0.09564794770704334,-108.22588348388672,72.07966613769531,0.6868255138397217,26.352937698364258,15.173105239868164,24.179210662841797,15.509427070617676,12.778462409973145,8.034453392028809,17.36433219909668,5.411541938781738,3.993786096572876,2.850217819213867,8.830501556396484,2.2538812160491943,4.483097553253174,-2.734811782836914,1.4078129529953003,-2.407075881958008,1.6616859436035156,Calm
0.33575379848480225,2883.0868757661588,2690.653833776817,5908.622604700803,0.13041871250967493,-153.95175170898438,68.21028137207031,3.181565046310425,18.493507385253906,-5.480886936187744,-3.084155559539795,-5.821209907531738,-0.9386115074157715,-7.058880805969238,3.1359410285949707,-8.356437683105469,5.4766435623168945,-2.7573471069335938,7.64310359954834,-1.8815789222717285,-0.38659968972206116,-3.298856735229492,0.3163958489894867,-8.220274925231934,2.2908806800842285,Calm
0.36682945489883423,2118.801013872722,2135.803597432386,4314.107246517028,0.11428426736648607,-286.9073181152344,100.65306091308594,0.3518431484699249,32.788108825683594,4.034688949584961,12.459015846252441,-4.296546936035156,1.2706958055496216,-5.09188175201416,0.17069362103939056,2.8096866607666016,7.186269283294678,5.168917179107666,6.496973037719727,5.801548004150391,4.923585414886475,1.6741856336593628,0.3780132234096527,0.7755403518676758,2.3705496788024902,Calm
0.2696358263492584,1964.7347978772718,2000.5265279610464,4035.075600449884,0.08482223841428019,-137.9363555908203,102.47151947021484,-35.35160446166992,15.928009033203125,-15.623879432678223,-10.401951789855957,-5.841161727905273,-0.6422988176345825,0.8036394119262695,-6.866978168487549,-8.741459846496582,-11.581570625305176,-12.387088775634766,-12.31980037689209,-7.983505725860596,-1.1745065450668335,0.10643494129180908,1.3135014772415161,-6.254334449768066,-5.204938888549805,Calm
0.33050984144210815,1509.3847299367874,2073.350283520369,3356.846368275929,0.04588785555340557,-136.997802734375,118.91215515136719,9.2787504196167,26.28095054626465,26.3518009185791,23.44672966003418,2.819382905960083,13.420278549194336,-2.1481106281280518,-2.036438226699829,-3.775930404663086,-1.9776785373687744,-3.2046213150024414,-1.7826392650604248,-3.4194130897521973,-1.4785048961639404,-0.05742175132036209,2.552396535873413,-3.384915351867676,-5.393523216247559,Calm
0.39813232421875,1802.7530226212593,2313.454942673249,4138.983305467541,0.063607325125774,-209.9470977783203,108.58843231201172,10.24347972869873,35.16016387939453,9.67282772064209,11.296549797058105,3.2690224647521973,4.963496685028076,-3.794506549835205,1.2583696842193604,-6.1660919189453125,0.26117369532585144,-3.1894400119781494,0.6014366745948792,-2.79347562789917,4.679624080657959,-0.003455749712884426,4.997181415557861,-2.5765299797058105,0.3864208161830902,Calm
0.3055418133735657,1510.318753332727,1807.6688241071304,3059.6981650904604,0.06095957091718266,-208.1792449951172,124.29426574707031,-9.806385040283203,18.892587661743164,-0.7232589721679688,2.993314027786255,-8.319097518920898,-5.058021545410156,-13.861175537109375,-8.705445289611816,-11.71525764465332,-5.230325222015381,-9.151432037353516,-5.392958164215088,-5.874529838562012,2.1365926265716553,0.22125357389450073,0.571038007736206,-3.7193875312805176,0.7105415463447571,Calm
0.38837265968322754,1892.122197381357,2201.9703653566808,4211.832864956221,0.07048218907217492,-159.51023864746094,109.66067504882812,9.398301124572754,48.33802032470703,3.3914794921875,-1.0366495847702026,2.6624324321746826,6.513136863708496,0.3993327021598816,1.6717525720596313,-8.863200187683105,-2.5065107345581055,-0.862692654132843,2.2044734954833984,-1.337791085243225,2.490661144256592,-0.4752928614616394,-1.464034914970398,1.812578558921814,7.159695148468018,Calm
